{"SHRINKS": [0.25, 0.25, 0.25, 0.25, 0.25, 0.25, 0.25, 0.25, 0.25, 0.25, 0.2722222222222222, 0.2722222222222222, 0.2722222222222222, 0.2722222222222222, 0.2722222222222222, 0.2722222222222222, 0.2722222222222222, 0.2722222222222222, 0.2722222222222222, 0.2722222222222222, 0.29444444444444445, 0.29444444444444445, 0.29444444444444445, 0.29444444444444445, 0.29444444444444445, 0.29444444444444445, 0.29444444444444445, 0.29444444444444445, 0.29444444444444445, 0.29444444444444445, 0.31666666666666665, 0.31666666666666665, 0.31666666666666665, 0.31666666666666665, 0.31666666666666665, 0.31666666666666665, 0.31666666666666665, 0.31666666666666665, 0.31666666666666665, 0.31666666666666665, 0.3388888888888889, 0.3388888888888889, 0.3388888888888889, 0.3388888888888889, 0.3388888888888889, 0.3388888888888889, 0.3388888888888889, 0.3388888888888889, 0.3388888888888889, 0.3388888888888889, 0.3611111111111111, 0.3611111111111111, 0.3611111111111111, 0.3611111111111111, 0.3611111111111111, 0.3611111111111111, 0.3611111111111111, 0.3611111111111111, 0.3611111111111111, 0.3611111111111111, 0.3833333333333333, 0.3833333333333333, 0.3833333333333333, 0.3833333333333333, 0.3833333333333333, 0.3833333333333333, 0.3833333333333333, 0.3833333333333333, 0.3833333333333333, 0.3833333333333333, 0.40555555555555556, 0.40555555555555556, 0.40555555555555556, 0.40555555555555556, 0.40555555555555556, 0.40555555555555556, 0.40555555555555556, 0.40555555555555556, 0.40555555555555556, 0.40555555555555556, 0.4277777777777778, 0.4277777777777778, 0.4277777777777778, 0.4277777777777778, 0.4277777777777778, 0.4277777777777778, 0.4277777777777778, 0.4277777777777778, 0.4277777777777778, 0.4277777777777778, 0.45, 0.45, 0.45, 0.45, 0.45, 0.45, 0.45, 0.45, 0.45, 0.45], "THRESHOLDS": [0.8, 0.8222222222222223, 0.8444444444444444, 0.8666666666666667, 0.888888888888889, 0.9111111111111111, 0.9333333333333333, 0.9555555555555555, 0.9777777777777777, 1.0, 0.8, 0.8222222222222223, 0.8444444444444444, 0.8666666666666667, 0.888888888888889, 0.9111111111111111, 0.9333333333333333, 0.9555555555555555, 0.9777777777777777, 1.0, 0.8, 0.8222222222222223, 0.8444444444444444, 0.8666666666666667, 0.888888888888889, 0.9111111111111111, 0.9333333333333333, 0.9555555555555555, 0.9777777777777777, 1.0, 0.8, 0.8222222222222223, 0.8444444444444444, 0.8666666666666667, 0.888888888888889, 0.9111111111111111, 0.9333333333333333, 0.9555555555555555, 0.9777777777777777, 1.0, 0.8, 0.8222222222222223, 0.8444444444444444, 0.8666666666666667, 0.888888888888889, 0.9111111111111111, 0.9333333333333333, 0.9555555555555555, 0.9777777777777777, 1.0, 0.8, 0.8222222222222223, 0.8444444444444444, 0.8666666666666667, 0.888888888888889, 0.9111111111111111, 0.9333333333333333, 0.9555555555555555, 0.9777777777777777, 1.0, 0.8, 0.8222222222222223, 0.8444444444444444, 0.8666666666666667, 0.888888888888889, 0.9111111111111111, 0.9333333333333333, 0.9555555555555555, 0.9777777777777777, 1.0, 0.8, 0.8222222222222223, 0.8444444444444444, 0.8666666666666667, 0.888888888888889, 0.9111111111111111, 0.9333333333333333, 0.9555555555555555, 0.9777777777777777, 1.0, 0.8, 0.8222222222222223, 0.8444444444444444, 0.8666666666666667, 0.888888888888889, 0.9111111111111111, 0.9333333333333333, 0.9555555555555555, 0.9777777777777777, 1.0, 0.8, 0.8222222222222223, 0.8444444444444444, 0.8666666666666667, 0.888888888888889, 0.9111111111111111, 0.9333333333333333, 0.9555555555555555, 0.9777777777777777, 1.0], "LOSSES": [1.2766773504273503, 1.1222893772893774, 1.1222893772893774, 1.1222893772893774, 1.1222893772893774, 1.1222893772893774, 1.1222893772893774, 1.172067932067932, 1.172067932067932, 1.1816633366633364, 1.159265873015873, 1.1222893772893774, 1.1222893772893774, 1.1222893772893774, 1.1222893772893774, 1.1222893772893774, 1.253888888888889, 1.172067932067932, 1.172067932067932, 1.1816633366633364, 1.1222893772893774, 1.1222893772893774, 1.1222893772893774, 1.1222893772893774, 1.1222893772893774, 1.1222893772893774, 1.1302564102564103, 1.172067932067932, 1.157203907203907, 1.1816633366633364, 1.1222893772893774, 1.1222893772893774, 1.1222893772893774, 1.1222893772893774, 1.1222893772893774, 1.253888888888889, 1.172067932067932, 1.172067932067932, 1.342828907203907, 1.1816633366633364, 1.1222893772893774, 1.1222893772893774, 1.1222893772893774, 1.1222893772893774, 1.1418131868131869, 1.0861309523809524, 1.172067932067932, 1.172067932067932, 1.1398099816849818, 1.1816633366633364, 1.1222893772893774, 1.1222893772893774, 1.1222893772893774, 1.1222893772893774, 1.253888888888889, 1.182276959151959, 1.172067932067932, 1.2412776112776114, 1.1398099816849818, 1.1816633366633364, 1.1222893772893774, 1.1222893772893774, 1.1222893772893774, 1.2122012015762016, 1.1731959706959707, 1.172067932067932, 1.172067932067932, 1.157203907203907, 1.1398099816849818, 1.1816633366633364, 1.1222893772893774, 1.1222893772893774, 1.1418131868131869, 1.253888888888889, 1.2561183261183262, 1.172067932067932, 1.0885164835164836, 1.1891819291819292, 1.1776920995670996, 1.1816633366633364, 1.1222893772893774, 1.1544946719946718, 1.2655500749250748, 1.1197298534798537, 1.093241341991342, 1.172067932067932, 1.1850770757020757, 1.1398099816849818, 1.1197236097236096, 1.1816633366633364, 1.1791833166833166, 1.2275772838272838, 1.253888888888889, 1.2561183261183262, 1.172067932067932, 1.1913084831834833, 1.1850108225108225, 1.1398099816849818, 1.1784188034188032, 1.1816633366633364]}