{
  "SHRINKS": [
    0.0, 0.0, 0.0, 0.0, 0.0, 0.0, 0.0, 0.0, 0.0, 0.0, 0.1111111111111111,
    0.1111111111111111, 0.1111111111111111, 0.1111111111111111,
    0.1111111111111111, 0.1111111111111111, 0.1111111111111111,
    0.1111111111111111, 0.1111111111111111, 0.1111111111111111,
    0.2222222222222222, 0.2222222222222222, 0.2222222222222222,
    0.2222222222222222, 0.2222222222222222, 0.2222222222222222,
    0.2222222222222222, 0.2222222222222222, 0.2222222222222222,
    0.2222222222222222, 0.3333333333333333, 0.3333333333333333,
    0.3333333333333333, 0.3333333333333333, 0.3333333333333333,
    0.3333333333333333, 0.3333333333333333, 0.3333333333333333,
    0.3333333333333333, 0.3333333333333333, 0.4444444444444444,
    0.4444444444444444, 0.4444444444444444, 0.4444444444444444,
    0.4444444444444444, 0.4444444444444444, 0.4444444444444444,
    0.4444444444444444, 0.4444444444444444, 0.4444444444444444,
    0.5555555555555556, 0.5555555555555556, 0.5555555555555556,
    0.5555555555555556, 0.5555555555555556, 0.5555555555555556,
    0.5555555555555556, 0.5555555555555556, 0.5555555555555556,
    0.5555555555555556, 0.6666666666666666, 0.6666666666666666,
    0.6666666666666666, 0.6666666666666666, 0.6666666666666666,
    0.6666666666666666, 0.6666666666666666, 0.6666666666666666,
    0.6666666666666666, 0.6666666666666666, 0.7777777777777777,
    0.7777777777777777, 0.7777777777777777, 0.7777777777777777,
    0.7777777777777777, 0.7777777777777777, 0.7777777777777777,
    0.7777777777777777, 0.7777777777777777, 0.7777777777777777,
    0.8888888888888888, 0.8888888888888888, 0.8888888888888888,
    0.8888888888888888, 0.8888888888888888, 0.8888888888888888,
    0.8888888888888888, 0.8888888888888888, 0.8888888888888888,
    0.8888888888888888, 1.0, 1.0, 1.0, 1.0, 1.0, 1.0, 1.0, 1.0, 1.0, 1.0
  ],
  "THRESHOLDS": [
    0.0, 0.1111111111111111, 0.2222222222222222, 0.3333333333333333,
    0.4444444444444444, 0.5555555555555556, 0.6666666666666666,
    0.7777777777777777, 0.8888888888888888, 1.0, 0.0, 0.1111111111111111,
    0.2222222222222222, 0.3333333333333333, 0.4444444444444444,
    0.5555555555555556, 0.6666666666666666, 0.7777777777777777,
    0.8888888888888888, 1.0, 0.0, 0.1111111111111111, 0.2222222222222222,
    0.3333333333333333, 0.4444444444444444, 0.5555555555555556,
    0.6666666666666666, 0.7777777777777777, 0.8888888888888888, 1.0, 0.0,
    0.1111111111111111, 0.2222222222222222, 0.3333333333333333,
    0.4444444444444444, 0.5555555555555556, 0.6666666666666666,
    0.7777777777777777, 0.8888888888888888, 1.0, 0.0, 0.1111111111111111,
    0.2222222222222222, 0.3333333333333333, 0.4444444444444444,
    0.5555555555555556, 0.6666666666666666, 0.7777777777777777,
    0.8888888888888888, 1.0, 0.0, 0.1111111111111111, 0.2222222222222222,
    0.3333333333333333, 0.4444444444444444, 0.5555555555555556,
    0.6666666666666666, 0.7777777777777777, 0.8888888888888888, 1.0, 0.0,
    0.1111111111111111, 0.2222222222222222, 0.3333333333333333,
    0.4444444444444444, 0.5555555555555556, 0.6666666666666666,
    0.7777777777777777, 0.8888888888888888, 1.0, 0.0, 0.1111111111111111,
    0.2222222222222222, 0.3333333333333333, 0.4444444444444444,
    0.5555555555555556, 0.6666666666666666, 0.7777777777777777,
    0.8888888888888888, 1.0, 0.0, 0.1111111111111111, 0.2222222222222222,
    0.3333333333333333, 0.4444444444444444, 0.5555555555555556,
    0.6666666666666666, 0.7777777777777777, 0.8888888888888888, 1.0, 0.0,
    0.1111111111111111, 0.2222222222222222, 0.3333333333333333,
    0.4444444444444444, 0.5555555555555556, 0.6666666666666666,
    0.7777777777777777, 0.8888888888888888, 1.0
  ],
  "LOSSES": [
    1.10510989010989, 1.10510989010989, 1.10510989010989, 1.10510989010989,
    1.10510989010989, 1.10510989010989, 1.10510989010989, 1.10510989010989,
    1.10510989010989, 1.1816633366633364, 1.1209271978021977, 1.10510989010989,
    1.10510989010989, 1.10510989010989, 1.10510989010989, 1.10510989010989,
    1.10510989010989, 1.10510989010989, 1.2026613664113666, 1.1816633366633364,
    1.1209271978021977, 1.242819472194472, 1.10510989010989, 1.10510989010989,
    1.10510989010989, 1.10510989010989, 1.10510989010989, 1.10510989010989,
    1.1222893772893774, 1.1816633366633364, 1.1209271978021977,
    1.242819472194472, 1.242819472194472, 1.10510989010989, 1.10510989010989,
    1.10510989010989, 1.10510989010989, 1.1354395604395602, 1.1222893772893774,
    1.1816633366633364, 1.1209271978021977, 1.2490601065601064,
    1.242819472194472, 1.1256060606060605, 1.10510989010989, 1.310200077700078,
    1.1731158424908423, 1.1222893772893774, 1.2127960927960928,
    1.1816633366633364, 1.1209271978021977, 1.3029455266955265,
    1.1574130036630037, 1.2805958624708624, 1.1109615384615386,
    1.1496336996336995, 1.204180611055611, 1.1858653846153844,
    1.1760073260073258, 1.1816633366633364, 1.1209271978021977,
    1.3059737484737486, 1.2348229548229548, 1.1734898434898435,
    1.1771699134199134, 1.2434380203130204, 1.141147761552173,
    1.2142857142857142, 1.2774891774891772, 1.1816633366633364,
    1.1209271978021977, 1.1722040459540461, 1.148379745254745,
    1.1827867965367966, 1.2003929403929403, 1.2790484515484515,
    1.1775364912864912, 1.2275233793983793, 1.2124684343434344,
    1.1816633366633364, 1.1209271978021977, 1.352355769230769,
    1.2401421495171496, 1.089478021978022, 1.2900790875790875,
    1.1931207681207678, 1.257786172161172, 1.1777278971028973,
    1.226602564102564, 1.1816633366633364, 1.1816633366633364,
    1.1816633366633364, 1.1816633366633364, 1.1816633366633364,
    1.1816633366633364, 1.1816633366633364, 1.1816633366633364,
    1.1816633366633364, 1.1816633366633364, 1.1816633366633364
  ]
}
